Name,url
Rafael Nadal,/player/471/rafael-nadal/
Andy Murray,/player/569/andy-murray/
Roger Federer,/player/376/roger-federer/
Stan Wawrinka,/player/506/stan-wawrinka/
Novak Djokovic,/player/532/novak-djokovic/
Alexander Zverev,/player/762/alexander-zverev/
Marin Cilic,/player/572/marin-cilic/
Dominic Thiem,/player/743/dominic-thiem/
Grigor Dimitrov,/player/682/grigor-dimitrov/
Kei Nishikori,/player/650/kei-nishikori/
Milos Raonic,/player/669/milos-raonic/
Jo-Wilfried Tsonga,/player/538/jo-wilfried-tsonga/
Roberto Bautista Agut,/player/705/roberto-bautista-agut/
David Goffin,/player/714/david-goffin/
John Isner,/player/666/john-isner/
Jack Sock,/player/692/jack-sock/
Nick Kyrgios,/player/745/nick-kyrgios/
Tomas Berdych,/player/511/tomas-berdych/
Pablo  Carreno Busta ,/player/750/pablo-carreno-busta/
Lucas Pouille,/player/763/lucas-pouille/
Sam Querrey,/player/587/sam-querrey/
Gael Monfils,/player/540/gael-monfils/
Gilles Muller,/player/476/gilles-muller/
Albert Ramos-Vinolas,/player/651/albert-ramos-vinolas/
David Ferrer,/player/466/david-ferrer/
Fabio Fognini,/player/579/fabio-fognini/
Mischa Zverev,/player/654/mischa-zverev/
Juan Martin del Potro,/player/585/juan-martin-del-potro/
Karen Khachanov,/player/962/karen-khachanov/
Richard Gasquet,/player/468/richard-gasquet/
Pablo Cuevas,/player/634/pablo-cuevas/
Kevin Anderson,/player/661/kevin-anderson/
Diego Schwartzman,/player/751/diego-schwartzman/
Adrian Mannarino,/player/646/adrian-mannarino/
Feliciano Lopez,/player/420/feliciano-lopez/
Robin Haase,/player/605/robin-haase/
Philipp Kohlschreiber,/player/470/philipp-kohlschreiber/
Ivo Karlovic,/player/451/ivo-karlovic/
Gilles Simon,/player/542/gilles-simon/
Paolo Lorenzi,/player/553/paolo-lorenzi/
Benoit Paire,/player/679/benoit-paire/
Kyle Edmund,/player/968/kyle-edmund/
Fernando Verdasco,/player/467/fernando-verdasco/
Yuichi Sugita,/player/1107/yuichi-sugita/
Ryan Harrison,/player/680/ryan-harrison/
Steve Johnson,/player/744/steve-johnson/
Hyeon Chung,/player/753/hyeon-chung/
Aljaz Bedene,/player/717/aljaz-bedene/
Jan-Lennard Struff,/player/766/jan-lennard-struff/
Joao Sousa,/player/747/joao-sousa/
Jared Donaldson,/player/934/jared-donaldson/
Viktor Troicki,/player/621/viktor-troicki/
Andrey Rublev,/player/823/andrey-rublev/
Daniil Medvedev,/player/1473/daniil-medvedev/
Jiri Vesely,/player/746/jiri-vesely/
Damir Dzumhur,/player/761/damir-dzumhur/
Donald Young,/player/556/donald-young/
Horacio Zeballos,/player/643/horacio-zeballos/
Leonardo Mayer,/player/640/leonardo-mayer/
Federico Delbonis,/player/756/federico-delbonis/
Borna Coric,/player/748/borna-coric/
Nikoloz Basilashvili,/player/1033/nikoloz-basilashvili/
Yen-Hsun Lu,/player/527/yen-hsun-lu/
Alexandr Dolgopolov,/player/618/alexandr-dolgopolov/
Pierre-Hugues Herbert,/player/1046/pierre-hugues-herbert/
Steve Darcis,/player/593/steve-darcis/
Janko Tipsarevic,/player/509/janko-tipsarevic/
Rogerio Dutra Silva,/player/703/rogerio-dutra-silva/
Denis Shapovalov,/player/1468/denis-shapovalov/
Frances Tiafoe,/player/893/frances-tiafoe/
Dudi Sela,/player/564/dudi-sela/
Guido Pella,/player/704/guido-pella/
Jordan Thompson,/player/950/jordan-thompson/
Florian Mayer,/player/516/florian-mayer/
Andrey Kuznetsov,/player/741/andrey-kuznetsov/
Thomaz Bellucci,/player/652/thomaz-bellucci/
Ernesto Escobedo,/player/1454/ernesto-escobedo/
Vasek Pospisil,/player/707/vasek-pospisil/
Jeremy Chardy,/player/598/jeremy-chardy/
Malek Jaziri,/player/759/malek-jaziri/
Andreas Seppi,/player/589/andreas-seppi/
Thomas Fabbiano,/player/1087/thomas-fabbiano/
Marcos Baghdatis,/player/537/marcos-baghdatis/
Norbert Gombos,/player/1035/norbert-gombos/
Dusan Lajovic,/player/752/dusan-lajovic/
Denis Istomin,/player/584/denis-istomin/
Marius Copil,/player/993/marius-copil/
Blaz Kavcic,/player/655/blaz-kavcic/
Daniel Evans,/player/851/daniel-evans/
Victor Estrella Burgos,/player/749/victor-estrella-burgos/
Alessandro Giannessi,/player/802/alessandro-giannessi/
Nicolas Almagro,/player/514/nicolas-almagro/
Nicolas Kicker,/player/1031/nicolas-kicker/
Henri Laaksonen,/player/1462/henri-laaksonen/
Carlos Berlocq,/player/547/carlos-berlocq/
Ruben Bemelmans,/player/1066/ruben-bemelmans/
Sergiy Stakhovsky,/player/541/sergiy-stakhovsky/
Laslo Djere,/player/970/laslo-djere/
Evgeny  Donskoy,/player/708/evgeny-donskoy/
Julien Benneteau,/player/452/julien-benneteau/
Mikhail Youzhny,/player/412/mikhail-youzhny/
Marco Cecchinato,/player/988/marco-cecchinato/
Mikhail Kukushkin,/player/665/mikhail-kukushkin/
Alexander Bublik,/player/1582/alexander-bublik/
Tennys Sandgren,/player/1086/tennys-sandgren/
Peter Gojowczyk,/player/1042/peter-gojowczyk/
Cedrik-Marcel Stebe,/player/683/cedrik-marcel-stebe/
Taylor  Fritz,/player/1406/taylor-fritz/
Roberto Carballes Baena,/player/1059/roberto-carballes-baena/
Jerzy Janowicz,/player/711/jerzy-janowicz/
Facundo Bagnis,/player/764/facundo-bagnis/
Casper Ruud,/player/1476/casper-ruud/
Thiago Monteiro,/player/1429/thiago-monteiro/
Renzo Olivo,/player/1053/renzo-olivo/
Nicolas Mahut,/player/410/nicolas-mahut/
Dustin Brown,/player/876/dustin-brown/
Marton Fucsovics,/player/998/marton-fucsovics/
Yoshihito Nishioka,/player/1106/yoshihito-nishioka/
Marcel Granollers,/player/681/marcel-granollers/
Lukas Lacko,/player/545/lukas-lacko/
Taro Daniel,/player/1084/taro-daniel/
Quentin Halys,/player/820/quentin-halys/
Guillermo Garcia-Lopez,/player/499/guillermo-garcia-lopez/
Egor Gerasimov,/player/880/egor-gerasimov/
Maximilian Marterer,/player/1177/maximilian-marterer/
Filip  Krajinovic,/player/767/filip-krajinovic/
Pedro Sousa,/player/1436/pedro-sousa/
Peter Polansky,/player/1043/peter-polansky/
Santiago Giraldo,/player/548/santiago-giraldo/
Go Soeda,/player/578/go-soeda/
Adam Pavlasek,/player/795/adam-pavlasek/
Sebastian Ofner,/player/1614/sebastian-ofner/
Nicolas Jarry,/player/1030/nicolas-jarry/
Yannick Hanfmann,/player/1615/yannick-hanfmann/
Bjorn Fratangelo,/player/833/bjorn-fratangelo/
Martin Klizan,/player/706/martin-klizan/
Matthew Ebden,/player/676/matthew-ebden/
Radu Albot,/player/1048/radu-albot/
Matteo Berrettini,/player/1616/matteo-berrettini/
Oscar Otte,/player/1457/oscar-otte/
Stefan Kozlov,/player/1432/stefan-kozlov/
Gerald Melzer,/player/901/gerald-melzer/
Arthur De Greef,/player/1405/arthur-de-greef/
Stefano Travaglia,/player/1603/stefano-travaglia/
Michael Mmoh,/player/1561/michael-mmoh/
Bernard Tomic,/player/677/bernard-tomic/
Kenny De Schepper,/player/742/kenny-de-schepper/
adrian menendez-maceiras,/player/797/adrian-menendez-maceiras/
Jurgen Melzer,/player/414/jurgen-melzer/
Guido Andreozzi,/player/908/guido-andreozzi/
Mathias Bourgue,/player/1002/mathias-bourgue/
Luca Vanni,/player/976/luca-vanni/
Gastao Elias,/player/900/gastao-elias/
Konstantin Kravchuk,/player/967/konstantin-kravchuk/
Ramkumar Ramanathan,/player/1050/ramkumar-ramanathan/
Jozef Kovalik,/player/954/jozef-kovalik/
James Duckworth,/player/757/james-duckworth/
Yuki Bhambri,/player/1108/yuki-bhambri/
Tommy Paul,/player/1426/tommy-paul/
Nikola Milojevic,/player/1439/nikola-milojevic/
Stefanos Tsitsipas,/player/1569/stefanos-tsitsipas/
Illya Marchenko,/player/637/illya-marchenko/
Duckhee Lee,/player/874/duckhee-lee/
Vincent Millot,/player/1099/vincent-millot/
Richard Berankis,/player/678/richard-berankis/
Uladzimir Ignatik,/player/1098/uladzimir-ignatik/
Attila Balazs,/player/1608/attila-balazs/
Darian King,/player/855/darian-king/
Mirza Basic,/player/1022/mirza-basic/
Salvatore Caruso,/player/1069/salvatore-caruso/
Akira Santillan,/player/1488/akira-santillan/
Tatsuma Ito,/player/1085/tatsuma-ito/
Denis Kudla,/player/863/denis-kudla/
Sam Groth,/player/760/sam-groth/
Tommy Robredo,/player/426/tommy-robredo/
Tobias Kamke,/player/632/tobias-kamke/
Calvin Hemery,/player/838/calvin-hemery/
Reilly Opelka,/player/1435/reilly-opelka/
Aldin Setkic,/player/800/aldin-setkic/
Ricardo Ojeda Lara,/player/1607/ricardo-ojeda-lara/
Lukas Rosol,/player/628/lukas-rosol/
Alexey Vatutin,/player/1583/alexey-vatutin/
Andrej Martin,/player/819/andrej-martin/
Joao Domingues,/player/1606/joao-domingues/
Yannick Maden,/player/1601/yannick-maden/
Alex De Minaur,/player/1605/alex-de-minaur/
Yasutaka Uchiyama,/player/1105/yasutaka-uchiyama/
Lorenzo Giustino,/player/975/lorenzo-giustino/
Gleb Sakharov,/player/1464/gleb-sakharov/
Stefano Napolitano,/player/1083/stefano-napolitano/
Benjamin Bonzi,/player/1480/benjamin-bonzi/
Brayden Schnur,/player/1604/brayden-schnur/
Maximo Gonzalez,/player/609/maximo-gonzalez/
Dmitry Popko,/player/871/dmitry-popko/
Jan Satral,/player/933/jan-satral/
Marco Trungelliti,/player/989/marco-trungelliti/
Mitchell Krueger,/player/1023/mitchell-krueger/
Joris De Loore,/player/1452/joris-de-loore/
Noah Rubin,/player/1437/noah-rubin/
Daniel Brands,/player/633/daniel-brands/
